Name,Destino,Estado,Category,Precio,Fecha,Notas
Composition,,,,,,
Horse Logo,,,,,,
16 pixel,,,,,,
Miniature,,,,,,
Thor,,Disponible,,,,
Captain Flint,Captain Flint. Full body.,,,,,
Tattoos,Beautiful french woman with tattoos.,,,,,
Dragon,Dragon.,,,,,
Bruce Lee,Bruce Lee.,,,,,
Princess Mononoke,Princess Mononoke.,,,,,
"Montreal ",Nightingale::,,,,,
Digital painting,,,,,,
Jon Snow,,,,,,
Odin,,Disponible,,,,
Composition,,,,,,
Composition,,,,,,
The Wanderer,,,,,,
Cleopatra,,Vendida,,,,
Sherlock Holmes,,,,,,
Embedded house,,,,,,
Hip Hop Fashion,,,,,,
Stencil art,,,,,,
Freedom,Beautiful woman:: wearing a red dress,,,,,
Composition,,,,,,
Composition,Galería de los 100,En Galería,Pintura,,,
Composition,,,,,,
Composition,,,,,,
Composition,,,Pintura,,,
Co,,,,,,
Composition,,,,,,
Rainbow Trout,,,Pintura,,,
Composition,,,,,,
Composition,,,,,,
Composition,,Disponible,Pintura,,,
Composition,,,Pintura,,,
Composition,,Disponible,Pintura,,,
Composition,,,Pintura,,,
Composition,,,,,,
Composition,,Disponible,Pintura,,,
Composition,,,,,,
Composition,,,,,,
Composition,,,,,,